AttackerIP,EventID,Activity,DestinationHostName,FailureCount
"137.97.249.22",4625,"4625 - An account failed to log on.","windows-vm",49
"103.199.211.245",4625,"4625 - An account failed to log on.","windows-vm",514
"20.5.50.76",4625,"4625 - An account failed to log on.","windows-vm",64
"81.214.22.37",4625,"4625 - An account failed to log on.","windows-vm",296
"103.147.33.53",4625,"4625 - An account failed to log on.","windows-vm",292
"133.18.164.37",4625,"4625 - An account failed to log on.","windows-vm",13
"134.119.180.102",4625,"4625 - An account failed to log on.","windows-vm",31
"118.69.37.51",4625,"4625 - An account failed to log on.","windows-vm",54
"106.51.126.158",4625,"4625 - An account failed to log on.","windows-vm",72
"161.97.184.179",4625,"4625 - An account failed to log on.","windows-vm",72
